sim_results,sim_results_anti,total_overpacked_time,total_ride_time
0.020152552656669844,0.02879909921614482,17500,600114
0.010045293510919772,0.008161800977622315,20165,587408
0.0036303066541385496,0.007131571080838707,12967,617732
0.02663271032071481,0.02354109973651246,46532,606119
0.0081785730423388,0.00984910093069486,17285,583147
0.011601943872860208,0.01859305276052148,27090,603293
0.007860181246532273,0.003191784623924507,17151,572136
0.016189130155467045,0.016575295528524926,28236,610076
0.0009658725048293626,0.0006434119215037456,6497,576513
0.009869792873360827,0.0046332761895936615,23526,569331
0.010201885411734321,0.005379120406231173,22532,614450
0.029465020576131686,0.03903261629580883,48519,636281
0.004411764705882353,0.0065478841870824055,22405,595361
0.026161909299605837,0.02712422548637289,15686,602175
0.009565890766637818,0.008389185245976382,28116,580631
0.0028826355525051477,0.0035308143800440207,18169,575611
0.01282570541379776,0.018878101402373247,18798,585511
0.008338062600951674,0.01098901098901099,22901,602003
0.013630785413744741,0.011347207009857613,22103,600873
0.0236689078684354,0.020569404713254327,36707,580620
0.013571590137977834,0.012357414448669201,32746,582735
0.012646635558850464,0.01563796793779758,30199,602557
0.012396694214876033,0.018279148713931322,27719,603314
0.011042033961213695,0.013484708063021315,19499,566507
0.011556764106050306,0.011448999909494072,25898,587757
0.025263695134399456,0.01896742366249894,46695,614303
0.019769715402998045,0.020818875780707843,33074,604552
0.03130646720174812,0.0283506237137217,36983,612944
0.016274446345184705,0.015851009750912703,14020,572961
0.014825089947548659,0.02203808945381979,26349,605852
0.0,0.011148170146662402,10782,579211
0.01148565393416652,0.007483382488884976,27994,602166
0.02390523434827232,0.011568836712913554,31412,613566
0.028281975517095822,0.02892492188159784,49115,621534
0.018427571819722717,0.011981766876492295,33554,604221
0.0,0.0039133721705874504,8277,594841
0.010337817379644449,0.005931249458827604,19204,610209
0.0027021040974529345,0.00039939646756013134,6653,594218
0.004927007299270073,0.004463879019768607,12431,579298
0.01590732255554595,0.01553036857587818,19240,611001
0.024706288873531445,0.022794974744204118,46802,610653
0.02041457286432161,0.025893017411595765,37234,582560
0.019832389978500287,0.014374616530809011,26089,597424
0.02733794625801248,0.027418191078477143,48927,617416
0.015020522225133176,0.01118490038448095,30764,605614
0.0277655742026184,0.018828083758578217,31247,598557
0.004965110037573806,0.0009389251542519896,12490,589975
0.006194240281052097,0.010407993338884263,19277,570593
0.021332985749044145,0.010763888888888889,28562,605995
0.0,0.0,234,544578
0.0348466478063676,0.03527138749101366,42548,584536
0.0027628062865165995,0.002897894498528413,8388,585602
0.007909024838613141,0.006663249615581753,15618,616805
0.008555088150493927,0.005242773474400151,16835,560192
0.026685947153937163,0.029285589213797935,46089,596182
0.0028199763485854635,0.006271016995364901,8315,580418
0.0,0.0010557128461058593,6634,546475
0.040866714912093996,0.04767179312401482,43362,605509
0.03801765105227427,0.03010643259975406,69695,614711
0.006228688338258695,0.007633587786259542,16612,582835
0.0066306591138629075,0.007861911454673225,10620,598408
0.008044611024773746,0.006030150753768844,19707,576341
0.019702802268305807,0.04021514273893256,39164,625853
0.0,0.0,100,535844
0.006652291599761435,0.003077912532157295,8064,574599
0.05038078500292911,0.050138109985770486,58434,620252
0.010325131810193322,0.014070263377742602,31847,600130
0.0059874966980716735,0.014933262851856746,22983,599726
0.0033455400334554005,0.009440780558316018,23158,582781
0.0015488338192419825,0.003146661802261948,12071,577805
0.008366338836722888,0.006501313621587923,15653,598149
0.018893387314439947,0.03011794439764111,36082,625675
0.020155571790794618,0.019720129171151776,39216,607349
0.012299960322708636,0.009301710456709574,27725,596509
0.009248090068355449,0.012911584684805433,31410,590783
0.018337090341598753,0.020354135925700893,38221,604104
0.006773056225644832,0.011478761966725532,22196,567028
0.012034816591171508,0.025055629728526926,28858,593003
0.00830340066240612,0.0035952747817154596,18013,569142
0.003918251035219734,0.005918212966671116,8073,595947
0.041666666666666664,0.04540996887391805,44592,608256
0.0032352137063701813,0.010588772250114103,14738,576551
0.015900082956954557,0.015851073633766474,25299,573333
0.03339273591310251,0.025175892175976943,52706,616791
0.01985912292660759,0.019314670059989093,33308,577452
0.0099136280474833,0.009062287270251872,21757,620745
0.009147663227260903,0.012283519249967446,29504,604791
0.004439411098527747,0.004890196966266697,19455,580608
0.01421382537300256,0.012311358220810167,26412,598017
0.005491367570179677,0.004565608674656482,21618,602307
0.002728898089771337,0.004704775346977182,11890,559911
0.008208854797470059,0.008570402943552005,20083,589307
0.0071174377224199285,0.013332754277772953,30843,604882
0.004581691560524146,0.0037157667782925824,18585,574910
0.007690931854766589,0.012920243204577969,20797,587018
0.02260685270222536,0.0223791657470757,31450,596347
0.0170147954743255,0.018928680214089902,35113,606963
0.01114887831407206,0.014997734481196194,28919,578938
0.00468055230517201,0.005614560426706592,14731,566656
0.0029871323529411763,0.006329113924050633,17000,572248
0.00961156915479917,0.01444154926467341,25403,598474
0.0010634854579923245,0.003143200517703615,5912,569551
0.0013108450581141308,0.003453551912568306,6999,603899
0.015507184521269028,0.008622731795139053,17175,550733
0.005499263878063566,0.0027269185820023374,16032,605838
0.00873632192022591,0.015347975654935168,26992,597759
0.008582187582100009,0.003939765365084924,21875,604865
0.007762202639148897,0.007071813121635186,19417,576731
0.03341202106410024,0.02468069633198491,40985,574993
0.021723741261835235,0.03703539626987994,29321,586564
0.014037646415386719,0.01110757044657896,27584,579056
0.005831035573837183,0.003204549557681892,13825,582854
0.021030173727522097,0.018641114982578397,38584,602420
0.005614004066837592,0.009904492394764769,13242,600126
0.011732499022291749,0.01107876786722857,26598,606378
0.013284804367606916,0.020272727272727272,40243,581142
0.018022793532997614,0.011096374889478337,27511,593959
0.05875373348062682,0.06570984625449787,74459,627202
0.03271104560713993,0.022913256955810146,55703,639449
0.01346861811978091,0.012794612794612794,24199,584264
0.007982261640798226,0.008724534986713906,12629,598162
0.001087399755335055,0.0008604682758933019,6455,589130
0.0087739659254445,0.017190113361828657,19555,568360
0.004304988460855672,0.008702601900364088,21335,596298
0.020758707004445213,0.019497886291087913,14794,605030
0.01901124180737011,0.022052439659663137,37628,604944
0.009545710938516944,0.01189804159972209,28098,610683
0.00251504536063954,0.0028292989625903803,7234,589524
0.0054753608760577405,0.005649717514124294,15117,584849
0.003021701309403901,0.002977553825011452,8525,581460
0.008122377149045621,0.01973268310304344,22318,585386
0.007054756120351336,0.0016822429906542056,15430,566124
0.0029698960536381227,0.0029715006078069425,12708,586960
0.010485043393982114,0.005329457364341085,17711,599184
0.008807499454981469,0.008227049144648065,32494,600748
0.003175355450236967,0.008070641853399164,10918,556592
0.0,0.0,1455,589393
0.0,0.0,0,579127
0.03453516845393904,0.023287208909888626,35284,617652
0.010524461667180412,0.021122112211221122,39829,594477
0.01115527052660103,0.020746700415838003,28493,580615
0.004363953742090334,0.002399650959860384,20042,606570
0.029416809605488852,0.04874173323026711,42648,605854
0.005620406398616515,0.009846685381127186,27468,608069
0.011115315485762936,0.010627745500921071,24417,556265
0.015098477499894564,0.013792230798430975,20453,627825
0.01709873138444567,0.022576136219238426,45355,617399
0.000678671613428649,0.0012202838289794812,5911,583038
0.01547945205479452,0.012745545911375058,29690,576421
0.021798481358245882,0.0173523768919207,35042,615779
0.0029727051616971444,0.005534308211473566,18261,586720
0.006510048117746957,0.004572452154237768,18830,558459
0.0012781886241212453,0.0025548610794288063,6098,579361
0.0016244457127804364,0.0018010894394658232,12288,601473
0.007527556232637333,0.006639153059393504,17817,587017
0.009890889736538632,0.013751497138801402,26828,596089
0.005117346038468326,0.01009700176366843,23393,597260
0.01803015162705826,0.01871518105849582,43773,601995
0.005259101419050642,0.007614903453902638,12670,583304
0.02160454832596336,0.021620257424076722,53344,622183
0.02066937645939635,0.014670244071317293,33093,609037
0.007209903414501428,0.008929380835826308,24768,579541
0.013917296576256113,0.011774637874344619,29120,594136
0.006937425342276946,0.01084459148975278,23522,574975
0.0018088906977795866,0.001672921282271556,6330,584044
0.0,0.0,0,527511
0.005000442517036906,0.004116501416430595,18417,598116
0.016375191353156748,0.007661589895988113,25385,571397
0.0038635758060218493,0.005683079518714203,13160,594328
0.0028822337311416348,0.0024345160272305124,8390,589700
0.00558580548253849,0.0061447535062620195,14389,563336
0.01779138382359466,0.007005098647749944,28512,594790
0.004327845446838888,0.005576622797233995,7234,592000
0.0049328196936953865,0.0042255504953284196,14226,558518
0.012875918912898196,0.015342759020561082,18954,591433
0.0034836554521593894,0.004199074294984969,13045,552432
0.02845729161991113,0.0225668689593167,36229,583865
0.002177415842877673,0.0064507692978250444,9309,606031
0.007379077615298088,0.006560618315808394,26679,586706
0.006778051202348573,0.00945922598479613,21437,613441
0.027340549398421666,0.02179260346092435,14058,605050
0.02510936132983377,0.015189873417721518,52383,600747
0.026895401895401894,0.026724591890468666,44434,598802
0.017728379185229414,0.020260957456583663,28567,573395
0.0024550676301649064,0.0006033042509745684,7535,573054
0.013883482548332684,0.017020908933817178,45432,611166
0.009539019337016575,0.007372596361127878,25030,608293
0.030343809689182148,0.04274246040355825,36163,600612
0.0032476443143353764,0.008595857528233735,14553,573598
0.008202582761956841,0.014057239057239056,32293,631804
0.0015640273704789834,0.0016613730759833863,6672,536672
0.01896884973254821,0.016447220599469733,29726,585503
0.008616742288640053,0.01228705901953434,32840,629709
0.02038012365468285,0.012333272428284305,33908,570638
0.01449807304092494,0.009419657216376418,24219,570731
0.009597357378805463,0.007675145024542615,18695,588954
0.004393755258483687,0.0008408857329720639,7639,566865
0.015867613902241885,0.016998130205677375,42435,619557
0.016722115216249344,0.017712661272687513,27072,602102
0.010209107598620875,0.013072480637507275,17894,592246
0.005454297531930366,0.0,6417,580326
0.007821799013773167,0.009615384615384616,23602,619319
0.008906322104291648,0.005114500299497765,20206,571613
0.023370233702337023,0.011674859550561799,32119,600560
0.001709726443768997,0.014047619047619048,17356,555322
0.017094017094017096,0.010073699358946404,26394,599557
0.005356515630488233,0.0034222534222534224,14182,603022
0.010832187070151307,0.007866231086657497,20730,609495
0.03357727077055531,0.009154203197524496,42239,611132
0.004544008724496751,0.009679178405889303,12565,582301
0.010303899830442154,0.009691017339533268,18516,604140
0.008675716982828374,0.008857515399487433,15357,587122
0.0030379746835443038,0.007734094466439554,12468,574188
0.034364109576955314,0.029208030002206044,39412,592499
0.014260324983073799,0.01268874508311128,32799,625386
0.018572387558737972,0.02002419029700309,24322,586190
0.014462160341342916,0.012526377228033942,18099,586221
0.0033164440350069093,0.004285714285714286,13443,569950
0.004097800846878842,0.00364232380258605,15036,577522
0.012454616480536789,0.011764705882352941,18222,570904
0.004480562266637382,0.008268461098649777,17410,602169
0.002159535699824538,0.0006296662768732571,8519,587288
0.003915086131894902,0.006399651719634305,21272,606268
0.026390651669657317,0.01870220668560192,37574,599103
0.005233069481090589,0.011377668019050978,30450,594387
0.0177894834118843,0.013138415988156921,19419,573092
0.005315110098709187,0.0016136687233032749,9030,557741
0.024388100364722942,0.006728823995074325,27088,601091
0.008967001434720229,0.007670913332137089,17128,591042
0.011403818953323904,0.008669114069618294,22761,590478
0.021484117569526822,0.020761854491070642,36494,598534
0.013673005834409656,0.017608773181169757,31013,589969
0.004151100041511001,0.0017066420664206643,7128,575201
0.009464529331514324,0.005242296381536888,11081,620207
0.019271316521885806,0.025765370667116472,59374,616315
0.0010158847432582194,0.005080127465016395,13187,570219
0.012421006755284375,0.018676091984116596,32802,598486
0.0017882352941176471,0.001177412518249894,6708,559809
0.017977031802120142,0.01542745999469543,36555,595663
0.011166365280289331,0.009306107697867726,20699,579214
0.010652105804950096,0.007385524372230428,23470,591213
0.013743767613266854,0.008758997485040327,20470,612960
0.01597444089456869,0.016559297851182497,30092,611507
0.0077615504730412415,0.01098345588235294,23202,572962
0.018115942028985508,0.02512414779900682,46580,622437
0.006072874493927126,0.006881971932349766,9123,588888
0.017755174875089222,0.029888031404737475,38409,586718
0.011486455930900375,0.008818342151675485,26762,585096
0.013335769090244793,0.015436609426379247,19141,573234
0.015130374117031482,0.02198185624563852,24102,602924
0.00826040364350777,0.006419687040256788,23295,588359
0.01763102356665494,0.014879515428170127,29941,597443
0.02565461208990153,0.023843164959378313,41746,596817
0.0,0.0,819,554750
0.007549499074118038,0.005598519713431703,11649,554753
0.012703771154444099,0.009806966940315066,30982,590388
0.04354329400033239,0.05445482866043614,65376,624092
0.022139382643087693,0.013769597818677573,18106,577869
0.01474168843242286,0.006846894601996643,24649,595528
0.027768442278608637,0.02132035086246695,31603,625604
0.01346338782799835,0.017457044673539517,35350,577041
0.009233818296473132,0.0077477477477477475,24464,585565
0.01578528475415635,0.010224405789403798,33028,593950
0.033857368698401544,0.03926828195769755,31197,590192
0.006177571357712946,0.009512645958252559,19994,585999
0.011756386458057103,0.010424949200459405,25888,599582
0.0018440463645943098,0.002768743957106443,12846,603983
0.016181229773462782,0.022608011194682524,44365,600206
0.04903026249791005,0.044457443696987425,50110,618792
0.007642427049559981,0.012259437453737972,32383,565598
0.010037073876480694,0.015315111813869438,27946,583162
0.010667174627363208,0.00628631298218878,28606,557009
0.011194852130988584,0.0070577856197618,26503,601089
0.020113646613150536,0.020312358941951793,47012,578713
0.025764605197964054,0.025055202559596233,38048,582480
0.005254237288135594,0.007720042417815483,21685,623852
0.018882242656905635,0.02389032776636599,35411,588954
0.016966669537507535,0.02506136158119106,37360,609988
0.0,0.0,0,559917
0.015443666741928201,0.0059168925022583556,21870,585048
0.007041641310962358,0.010949380838583532,32543,611031
0.012578895901857942,0.011393475455071432,28446,593088
0.004741668530530083,0.009842079362949044,22440,590950
0.020589990621536363,0.02494775896626722,43825,614894
0.0,0.0,649,564691
0.004890514164867603,0.007267121779343757,19653,600917
0.006789925219066844,0.00421882881643509,26222,571423
0.0,0.00014001026741961077,461,568873
0.0030593607305936074,0.00333029197080292,13088,575534
0.016753972033421362,0.016436697088974436,33533,607314
0.04985455720749839,0.04282421448501759,57959,642061
0.006287683031869078,0.006689107543587088,24845,611367
0.006337305306377472,0.0071782067858575955,14568,588834
0.006197546804389929,0.003700038721335456,9193,613250
0.012921847246891651,0.016166281755196306,20946,598248
0.016956124314442413,0.021970492851596402,31419,574386
0.006789102619897293,0.004783856658258676,22361,606416
0.02781653296128357,0.021588381525578963,29064,604200
0.029960750109027476,0.030433834750381514,42633,593551
0.018962530768529492,0.016008391863541003,26877,577960
0.004110116881448816,0.00475721081729739,23043,618468
0.004835498245946715,0.004266009385220647,15630,554877
0.0013803892697740762,0.0015633621482435166,6154,574187
0.002178550356283756,0.002900784118206953,12977,583112
0.0021669493122291315,0.0031587383904577815,13864,558482
0.004222441829125865,0.005348074243854209,13630,587269
0.023278895605882883,0.030996210070384406,31267,583661
0.007488343616069326,0.014413565708902497,25964,560915
0.0008800370541917554,0.001530115454166087,5495,568521
0.016026514119676746,0.01866908925732455,18372,582292
0.011173437075906994,0.014582012498867857,23909,583023
0.015081100783670493,0.009552836282581995,36203,577761
0.0022590701667193785,0.005650739116676461,12401,585800
0.0025177386129549098,0.0035745382888043627,13063,580980
0.004590846703582754,0.001563018045753801,8275,558834
0.014142712829460924,0.008117776554760594,23586,569010
0.0,0.0,0,571685
0.011517059914592589,0.011044479917166401,24906,610196
0.007384341637010676,0.012282497441146366,35751,588373
0.026582001313772717,0.026842105263157896,45372,594065
0.0011854521314429323,0.0013751896813353566,5857,556567
0.031835884430758084,0.03058076225045372,41276,571052
0.02167882900183502,0.01600307258993727,29400,624019
0.0,0.0025380710659898475,8125,593397
0.00850670365233472,0.005497297547004204,21002,572063
0.04640791274782532,0.04344363829410724,46978,596047
0.0032926089593622735,0.0048543689320388345,15083,606697
0.008695652173913044,0.006478796665458499,20488,582945
0.0,0.0,69,581872
0.0035341933203746245,0.004858228071725113,21047,597590
0.018128681674962326,0.016609628108601414,22874,577250
0.017110444402775173,0.018605305089511668,23501,560164
0.00964588311970454,0.015153494448073155,23395,601338
0.03020481656538375,0.030088734741678305,21249,577223
0.012994350282485875,0.015647411657321683,33333,606378
0.01382766460953088,0.011669908307863295,21481,568063
0.008068255587498841,0.004314544189283229,19630,569248
0.001480086114101184,0.0035457809694793537,7003,590445
0.006449604127746642,0.01036476868327402,17764,591854
0.0010914958238420654,0.0012800455127293415,6255,556073
0.036746525705516245,0.043374418902204975,32936,611365
0.012583237657864524,0.017784926470588235,21940,573578
0.008677181723685994,0.0034277467075590836,13456,581526
0.04709360426382412,0.031844482371061064,64227,627980
0.008950747457706546,0.008524590163934427,23671,559516
0.0033193184332816995,0.006365203553905317,21834,596830
0.0,0.0,250,553198
0.003783400331047529,0.002225589544464438,12390,559045
0.008232534608839626,0.013576326568180773,10345,573330
0.01962383865850895,0.005202913631633715,20737,580506
0.004850370641530155,0.004620945234936176,17815,579527
0.017688728675022008,0.01787287602265576,34888,625508
0.024304300686664258,0.026414582296802207,38528,581863
0.032677502138579985,0.03110958962728401,39531,613416
0.0026005470116127875,0.0013461365879924617,13840,591025
0.017265074729427933,0.016602316602316602,47842,613811
0.003820234364939692,0.006479574322004806,20530,615020
0.0001839165019081337,0.0,1419,576209
0.0028207461328480436,0.005144079755997633,11622,579556
0.0,0.0,0,576917
0.017107309486780714,0.015127957305542715,31079,624870
0.0146800558382492,0.009863531955141197,29492,581160
0.013314803191966287,0.014384298261337157,30710,585580
0.015041539134236991,0.017358226575138823,20968,598856
0.0029263612377068843,0.004070686269814664,13659,549843
0.005862646566164154,0.005030977779848139,13197,567818
0.008192792086111475,0.004626396648044693,18607,603162
0.0,0.00013424620754463686,1120,593382
0.02261110629818938,0.01986926972858318,24345,601143
0.014614494492778468,0.016539549233010542,29533,613918
0.01424029961241998,0.011460194343980129,26387,605464
9.302325581395348e-05,0.0,1200,571294
0.025411546487363785,0.029157767666449997,27092,558951
0.009254749147588894,0.01561321800842759,24059,594819
0.0,0.011751107686380274,14398,545485
0.004658931082981716,0.005487751339011327,21887,602011
0.004846041684535552,0.005357908272610373,16610,616615
0.0051492819349962205,0.006003876518697111,13475,554986
0.01311635765417278,0.015213523131672598,26096,595959
0.0024645717806531116,0.0065072106929300036,23011,600213
0.012358757062146893,0.012162876784769964,23610,600646
0.0021130243222586883,0.00044947860481841064,8990,591897
0.011733672912497725,0.01531748556883778,23553,578494
0.0,0.0,216,556914
0.0018308140080743592,0.007383023747942629,12232,559535
0.005880815473078934,0.006927199058946543,26046,603473
0.008175897270081759,0.01138353765323993,10989,574663
0.034269482750721586,0.0339169493079109,31083,571002
0.03116121345431216,0.03592869254387975,36742,573360
0.009486236092025356,0.014585919489271147,28825,596946
0.013958881505596932,0.012559009530595884,12806,589310
0.01696777880346389,0.007167040408037638,29728,596216
0.008986816294877058,0.011497923985946982,22456,580317
0.06041316358395388,0.0539015606242497,61920,637096
0.024452153312462983,0.016921905406548778,49025,616564
0.006685385746757588,0.013974187805963507,34100,591844
0.002045790894054148,0.0052205690420255805,20615,604675
0.010092028631129684,0.0037376523983269558,15748,592924
0.010242214532871972,0.011218318637182033,18604,571047
0.013598326359832637,0.005600837848913984,14241,579929
0.01781571459838039,0.019213935574229693,28881,600263
0.006707235819304402,0.002978307254623044,14597,597151
0.0043252984906510476,0.004329199549041714,14460,585652
0.010293492131008082,0.017575963911822284,37463,620464
0.015303197353914002,0.022682141123516172,20773,598682
0.019768113366798453,0.01938208490775728,38234,591580
0.016631928197711515,0.01658092768164619,52831,614504
0.03185306774322346,0.030679198439439618,44713,590502
0.008802976676649425,0.01065421408169742,19159,577114
0.00806862972408996,0.007969604299879529,19638,568375
0.00282983856002969,0.0036721982057360664,7125,572030
0.01265877102643323,0.008703854564164129,17545,614300
0.004424778761061947,0.002981459051523339,16148,565166
0.01039891641543234,0.008560073372057475,28985,606252
0.007737276478679504,0.004777686910859553,16814,616260
0.007742758243760248,0.01170043250625996,10911,577978
0.016506899368095258,0.023022635338669422,51231,610516
0.013976395421066642,0.018912319644839068,30107,591471
0.0,0.0,354,604323
0.0,0.0,24,559628
0.010216372964532679,0.014511519914270405,26549,589585
0.00035192679922576106,0.011811715113726178,22096,601591
0.013644214162348877,0.014257323079581784,25426,609957
0.019101905839352538,0.0268810177318869,43827,606162
0.0022334655180272574,0.00227966990379793,6585,581335
0.017212812960235642,0.008507311689506115,18414,572406
0.01663610750860874,0.011841458510210465,26601,587716
0.02527390981710245,0.022794759825327512,44179,598263
0.02108433734939759,0.019957203371326258,29001,604684
0.0059778729478943615,0.018258928571428572,23117,584461
0.005833655042251105,0.00797427652733119,24488,615710
0.006965033648642289,0.006393681538244558,13098,560282
0.0035847235626637252,0.0032597217758596943,9055,578047
0.011432116270825948,0.012588094499357298,18735,595795
0.030647722882774606,0.03233980415736128,23383,603713
0.006168046928916494,0.009494626904320055,18826,612655
0.015816280940041106,0.010589812332439679,29374,590010
0.007833135986884052,0.006018602954586905,21052,573778
0.03252100840336134,0.027994627717619406,47664,627084
0.01423948220064725,0.016708401692427252,37955,606440
0.009351821992905514,0.013547762775908944,24557,571121
0.010166441745389113,0.006203083561828561,20691,582394
0.03439310313369521,0.0429341372065406,45104,573773
0.028627501173258244,0.043515321996334656,27301,607387
0.02088700772911299,0.025475949599926422,51714,572080
0.00826553015627018,0.00594161715319039,23215,614021
0.04761697875483338,0.04277772952314775,50108,594911
0.015668598411676324,0.016716673810544362,28596,612012
0.006160714285714286,0.00553028275800553,20019,593154
0.016477326072669232,0.0143486823595611,27120,563343
0.010749230557214388,0.01551811211606446,13160,574164
9.218713989398479e-05,0.00018441678192715537,2181,575652
0.013751087902523934,0.008910718942884465,29376,607016
0.0015914878137504548,0.0017271942184446162,7153,583193
0.018396725382881847,0.018825370523796372,36916,575395
0.0036463491491851986,0.007341350267981804,11536,585461
0.01259897633317293,0.004683738235937842,19031,608430
0.008679178782271566,0.010227022261406215,26033,594313
0.005278771485908734,0.0031880513581972227,13114,603774
0.01179530045509427,0.016274528038686877,29893,568016
0.029038493864515045,0.013285277230627383,53475,625678
0.01134647741490142,0.017701407477765305,33064,604888
0.010097415595391663,0.005025125628140704,17400,590919
0.002793656251343104,0.007298643311008071,16158,618366
0.013330931363718249,0.014501891551071878,33807,586462
0.010107536807126043,0.01080182800166182,24272,570932
0.0059545454545454546,0.007549572494087684,15076,583335
0.001420910299307879,0.00628123423960387,9165,572477
0.0,0.0,0,581822
0.011015535855349777,0.005134957208689927,20863,603745
0.011982297929191716,0.010007505629221916,24096,632203
0.0014895729890764648,0.006497608519086725,14619,586571
0.0,0.00013191451939143436,2863,601841
0.0025056947608200456,0.0014593879691704292,6944,578034
0.020234986945169713,0.02871812723000609,33722,603412
0.001768428890543559,0.0019543064538644086,12713,568732
0.009089722959161484,0.009871281962080362,19373,604292
0.011013682382344219,0.009864103975276237,24335,619090
0.024027116316986313,0.023316729646169702,40571,606112
0.02285998823050111,0.02009231604670106,32531,580126
0.000831831415499792,0.0033305578684429643,6836,572932
0.0008404930892790437,0.0012117822520507084,6936,568740
0.021517108938547486,0.018386688212429576,30119,601860
0.03749618054039897,0.03799842945641742,36571,596358
0.018513843305562567,0.026224808162576947,46419,622890
0.0027688047992616522,0.0025401810456308887,7111,569945
0.004480651731160896,0.005750509395517319,19839,582076
0.026661796932067203,0.03426563854542136,51084,575534
0.002835270768358378,0.0030698025880797203,12503,564092
0.0031050228310502285,0.003148384741741194,9777,580917
0.011806426501751503,0.008310968747294607,36253,607750
0.014223679546260191,0.010413897013205707,32603,597190
0.009284368249299076,0.008653226548835496,10478,571242
0.0013215276860050217,0.0028187623871393968,12536,596726
0.0061894395355786055,0.020292207792207792,34609,611983
0.009608411892675852,0.013469998639394076,22432,581654
0.0035030988951765024,0.003910463861920173,13434,582322
0.0,0.0,149,591982
0.015029844977884657,0.014427412082957619,42222,609457
0.011009174311926606,0.006976432181029471,23025,592650
0.029613894789453955,0.03020204124140804,62003,619181
0.006820351930159597,0.00739732244157023,16207,584151
0.02097778562911275,0.017605789171777787,35031,596408
0.017536741502118834,0.008616023096355107,18655,584848
0.007720955581796712,0.012087063207161358,16167,578191
0.015578465063001146,0.019630326101912583,42644,571199
0.020550082467792982,0.036848906117720445,24508,584210
0.007465292936348555,0.006954163750874738,16630,603357
0.010527220384136123,0.012613694868714604,26384,615713
0.00452385304331932,0.009818696625108462,18703,576353
0.031939297688371275,0.014759659866942767,34722,593628
0.014535130095770827,0.011692933401118455,35137,619096
0.006646579227224388,0.003671429203344097,13331,599015
0.0,0.0,1517,565872
0.014431616341030195,0.02003020074613608,47342,590224
0.01019069279216235,0.009182334936598164,17286,601264
0.025490547441985485,0.03728935102187164,38563,587942
0.011927611735673155,0.025432256884091117,33279,575510
0.04551146422557105,0.05422571724853094,61332,605496
0.004852387646818738,0.008893729013522098,23025,578079
0.021323529411764706,0.009135385547906655,45676,604991
0.0110841245308015,0.009448123620309052,23491,599177
0.014408265794587422,0.006775003553323542,20308,557783
0.0015742927258415521,0.0015274949083503055,7397,567566
0.004238816738816739,0.0036478270659761314,14065,586411
0.006903265775732366,0.001595603226664303,8332,599937
0.006866022224229831,0.0060641716070054755,14930,584089
0.005816002819880155,0.003607884547694474,15266,602114
0.0071475843812045005,0.005954481298517996,12950,597630
0.010593956234803751,0.011692601929931322,27539,606774
0.01489893254599137,0.012905571207852403,32627,577741
0.038351555929352396,0.0352041673668291,32928,618514
0.000948509485094851,0.002616147947677041,6116,584638
0.03540171538596184,0.039077542447050584,53431,595611
0.005365831476513119,0.007050582241630276,19040,577272
0.0066317021368818,0.00537215146001213,16608,609359
0.003926701570680628,0.0031092285508291274,18523,582623
0.00586196568396731,0.011811023622047244,28813,616598
0.018223645631286933,0.005368098159509203,13687,581265
0.007414820543146977,0.014294819266138578,14161,579189
0.00018755568059267594,0.0,142,563892
0.0114066785667639,0.013192841903600818,23820,604153
0.013915463558879805,0.007656168435705586,18395,608100
0.014255895545587777,0.025005551854319342,35453,594791
0.013339466421343146,0.012233820459290189,45117,628481
0.021505376344086023,0.019913678902611,44443,617952
0.025111486340217343,0.010068274133609887,40712,604216
0.016795431642593214,0.022085065289499096,39709,627832
0.003953295945573228,0.00473302086205312,20340,573127
0.023047936201910438,0.019356251368513246,40330,594959
0.014065973955261128,0.009745705090431078,29165,578849
0.0201667724100426,0.007501468661033034,31892,582156
0.011570812518679818,0.014809440484827793,34026,617233
0.019046401636200947,0.021186080149749,30307,616743
0.01688797215418332,0.009487421653644716,41341,612234
0.006472771209113662,0.004312575470070726,23027,611756
0.015112595256443189,0.029586812245771782,36533,606238
0.00457481162540366,0.006458847275173806,25946,585632
0.01156043956043956,0.017309551006062737,37956,594059
0.009675190048375951,0.005843379037452839,16235,572246
0.013295764726600335,0.005155774908562112,24271,600089
0.012364229596874598,0.012194598308214179,39847,612782
0.0001386898432804771,0.0,1237,574329
0.009399501069137563,0.0043662285586990425,10955,593916
0.010065831386706307,0.011843110620595976,26438,621103
0.00969506131919125,0.006785270997103848,20603,636201
0.001849539926943173,0.0006005728541069944,6090,571756
0.011979189437327854,0.014183155314305727,25563,598533
0.01526422152470224,0.01867594023699124,28113,610680
0.03187452567670124,0.049217002237136466,48301,615826
0.00013491028466070063,9.003736550668528e-05,545,592283
0.00426129924293939,0.0014520373899627916,6613,581097
0.007159055538263151,0.01243592600846891,27781,586251
0.01625350291010994,0.01058361052313275,22431,609445
0.017653400413260262,0.013709713669258777,27914,583270
0.002643539560337631,0.005791863590028728,9109,567327
0.003282425347617962,0.004193063214985643,15598,577510
0.00749665327978581,0.005177184682674284,21210,592792
0.03239713163735701,0.028457016273323678,37154,619096
0.006489675516224189,0.009752336024675679,17469,581535
0.04300347075256074,0.022746526601152152,53478,620911
0.034792565841627765,0.034534468310325056,37770,593916
0.0022585849274026275,0.0020264357758025147,8276,573960
0.011110135253820482,0.015896017213366705,26240,601129
0.006545315560651665,0.00406135027951646,18281,554341
0.003564670157989702,0.0014975994361978594,13411,606463
0.0007549851223520007,0.002350645318667672,5937,597433
0.0,0.0017118534283334875,6218,574473
0.005361425951182806,0.006312714938521694,12773,559945
0.02437931343551134,0.02124703034649693,35833,578447
0.018927738927738927,0.014156654559001584,26246,566715
0.008766573621772505,0.009720587594263546,29820,604271
0.016250335750738653,0.014381720430107527,38755,589635
0.008433017095192263,0.005412347491055867,9798,575914
0.014878621769772905,0.012417759574746199,33455,599390
0.007712430092007938,0.006225470293679794,24437,580752
0.023222060957910014,0.02457283776642593,41485,597263
0.027385351010649858,0.023874755381604697,35582,603196
0.0013223291231589988,0.0,6884,580699
0.0,0.0,323,568019
0.031123740176708253,0.013353444833858303,40229,592689
0.0,0.0,0,552119
0.017924116877453117,0.019556600897251624,48695,600883
0.0030397739435715204,0.008591579397307116,16406,617685
0.014559627273541797,0.012040642764424153,19804,594474
0.003839850152189183,0.004161795651157353,6829,563223
0.017176166955902638,0.030598610368786746,24660,583776
0.005487211257633419,0.0026081959241412845,11426,598570
0.005972073039742213,0.0077170418006430866,26946,612777
0.009652333028362306,0.005348571428571428,18811,575811
0.019163165566320844,0.02238134030785062,40874,613494
0.0,0.0,0,572560
0.034596871239470514,0.03505154639175258,63846,605368
0.02710310074000091,0.017099832176713386,20893,580225
0.017094386982299738,0.01913751298926221,35687,606297
0.0007634273396802586,0.0027372672201032085,9199,591048
0.02668326958996709,0.03360149339970665,20714,584425
0.005825781394488626,0.003236096343211132,8539,570658
0.0024887086367407136,0.007180006443595527,18194,568597
0.004163122789739917,0.0028720157960868786,13924,589267
0.0005833782085801471,0.002874337555016617,8445,588570
0.0,0.0,162,586336
0.0024047186932849365,0.0002717391304347826,10455,583864
0.021061607333191217,0.01985058697972252,40099,614988
0.007084754657570191,0.004245634000087539,19436,601742
0.02003179650238474,0.016855208759256734,38484,579127
0.007257714037375055,0.004915180513266637,13503,609912
0.011323328785811732,0.024356931481903026,29325,577137
0.001337700078416901,0.0015704387990762125,5523,569070
0.002220437473425615,0.0024152301572267477,6090,562113
0.0,0.0,0,573683
0.0015330507710343583,0.0011296882060551287,7747,590743
0.009815897391152604,0.012055560408840744,26546,603407
0.010932446590443219,0.0041909620991253645,14834,579347
0.02290745039639087,0.017223244806731527,41196,595531
0.006665214550206927,0.013731473408892764,15853,604900
0.014951627088830254,0.014290111243019831,21732,600391
0.014619000388115054,0.019958617122165703,26651,611508
0.033668253128855984,0.02349880962878053,40339,590181
0.011961104896308408,0.011706477297180978,35131,610324
0.0,0.0,1648,559785
0.013745128441520345,0.016561150475871034,42595,628142
0.01698449241996438,0.024688138392663102,45762,605012
0.012207350568949732,0.0035283355839177593,21550,601805
0.005157725074833064,0.010042843322430552,11990,570822
0.025266308653930803,0.023211852112366465,61149,592826
0.018854500177872643,0.01795100222717149,34170,592029
0.026844102986234967,0.013924397370343317,23863,577938
0.0,0.0,0,553185
0.0031896513533867894,0.003986710963455149,13810,594326
0.006045454545454546,0.003456273591341125,19208,580303
0.016610850636302747,0.01255248816224426,18730,591955
0.000190095998479232,0.0,5452,554316
0.004172331348741269,0.0018728345350688266,6289,562227
0.017436791630340016,0.01094158674803836,32032,602965
0.03187540004267122,0.024160559059144368,37391,616722
0.035723621155354185,0.05088139281828074,37579,597731
0.009250022671624196,0.01174496644295302,23244,582821
0.02617866004962779,0.023496318358567057,46188,634999
0.008008153756552125,0.012321125394130487,11512,541660
0.022616109490688804,0.03063741981788005,28989,587711
0.008152293658837528,0.01312717501431655,22097,598971
0.0030833408905413984,0.0027676950998185117,9147,581973
0.02131394182547643,0.008144682983877705,45081,624845
0.018960877665079694,0.017306338757090218,36600,635064
0.008550416445153287,0.008237013418360568,24760,594108
0.0,0.0,808,578810
0.008531597695589076,0.01263426659623173,23204,598764
0.010973875955215923,0.01479473964812511,19282,594144
0.019864064898048674,0.0215063202247191,49417,591721
0.005486725663716814,0.002567507746790615,19617,595175
0.017209425469949694,0.020210043244197336,27284,596235
0.003208705357142857,0.012263099219620958,16401,570813
0.0024207439132256413,0.008153566602991194,9068,568179
0.014477958236658933,0.01482686497792238,25878,568875
0.0073585842625615095,0.005636724386724387,19615,583285
0.00764765502626002,0.008512008834084844,17376,573049
0.018216335939971975,0.01981721111211655,32841,580910
0.00023495136506743105,0.0009860543738554725,5584,559679
0.011650055370985603,0.0070481847599627645,28913,592079
0.003669379498518135,0.004701236425179822,15390,560101
0.03198538781751763,0.022589274340792324,38549,614911
0.01961944646758922,0.02065569285486298,35604,574622
0.006242307016001407,0.008442900488105184,23289,598062
0.007692307692307693,0.006168817064164386,25224,600744
0.025847477011757172,0.014198690056336737,40703,572212
0.025403192111640344,0.03678496868475992,66185,625821
0.0037189712339815396,0.0036768002869697787,12877,588371
0.003900445765230312,0.0063561287927994805,20981,568700
0.002145347278090641,0.00559634670487106,12805,593407
0.010675024984101026,0.009534186870062654,21585,580266
0.018626520186265202,0.015422885572139304,24386,584513
0.012370680167290336,0.009367990500065971,17307,600230
0.020381131430524696,0.023991462113127002,55325,611907
0.0018266874582312318,0.0032945995280708783,19966,591921
0.012344554275042136,0.014249943091281584,33778,574162
0.01296263186125514,0.0216982820329277,37626,585966
0.03101742310174231,0.02238645640871396,33856,605499
0.018933731938216243,0.020108942351339084,43490,577788
0.02638212795549374,0.026176419517277304,47326,601875
0.009900107028184089,0.009002584900615028,18083,595785
0.012476135505927275,0.015181781861765881,28330,591680
0.0013785890853774481,0.002849273435274005,11133,555275
0.014859240030434588,0.010864219609245765,27852,583076
0.008326631026162653,0.0050626922167021525,14780,556473
0.00930922827846735,0.010485576706718869,21457,583825
0.048709306149292995,0.039825915585482013,52479,634619
0.012844117131334385,0.010307469625860783,23031,601926
0.0037928387591998915,0.00840867992766727,22739,586975
0.006558588517851369,0.01010940312976042,23211,572834
0.00603001608004288,0.006692843119757273,20406,588495
0.016291698991466253,0.01348431152217132,27444,606043
0.008873388663252694,0.007027934936350778,26726,600598
0.02716621604222995,0.033347621088726964,62774,610158
0.011132490379329302,0.013483764446890478,12711,574660
0.019291098937116637,0.015498431427634967,30356,559346
0.04025296983163832,0.04867521367521368,35406,612166
0.027887745227412684,0.017707690952339,45068,594150
0.026722689075630253,0.02448139749727051,44782,623493
0.024863714931525064,0.02377052808640609,25396,595479
0.020612172682236377,0.020528248462593462,28485,593117
0.006404098623118796,0.0034273180094137002,13528,578044
0.002921517418440972,0.004294315565787144,11123,598101
0.041752194610647685,0.03745743473325766,35242,592875
0.019288079470198675,0.01773652148688409,44937,636873
0.005096022271504742,0.019364284702215084,12791,556497
0.04411106135244066,0.03858059306446548,58178,584789
0.0046320804658549495,0.002339129667225704,12620,604406
0.019071671166071585,0.019569386331938634,29079,605075
0.022499432977999546,0.01260599464925407,29112,583255
0.006089074460681976,0.003526952886876252,14114,609744
0.00621593621908923,0.0033328829437463407,15675,588142
0.020057688040825382,0.019700936238186095,42216,590032
0.03338108260624213,0.02968363494336675,38620,606349
0.0,0.0,935,577477
0.013742614949910095,0.0111633875106929,37035,613391
0.00634608509116911,0.01032540675844806,23471,586801
0.020793188438270223,0.015926424405563033,38786,580133
0.005795408598769037,0.0032334845286747203,12691,585400
4.787208578677773e-05,0.0012448530115867088,8080,550228
0.015900434050845957,0.013240047823584112,37350,593926
0.0014546115732533298,0.00500477728741071,13429,578773
0.004970773691719979,0.0031773807331000182,16173,574203
0.012603576101177497,0.015648156220033127,25159,605249
0.00816033717437116,0.00978499932672023,17630,588466
0.008823934923479939,0.014575382776219597,31305,572232
0.0024826444761160407,0.00013791835233541744,6471,575743
0.01344619318432306,0.025097970146624984,13212,591037
0.009143407122232916,0.009846396218983852,31224,595862
0.008105456251866388,0.009081219356214027,31343,615263
0.025933117583603022,0.03180914512922465,30044,603812
0.006479292531301988,0.010666200384682637,18934,600736
0.008742921857304643,0.010558274424506072,23186,581407
0.012276734204089168,0.012655889145496535,12715,574501
0.009934207659796959,0.006394084384515006,16886,604071
0.00032220943613348675,0.0005986920880537902,7062,574494
0.011495273179175359,0.012077616446871808,21822,595004
0.02001718213058419,0.03931859244601222,46005,600991
0.017973062486200043,0.02115163825841208,35015,595564
0.015154882005244211,0.011417147934251444,21179,595865
0.018913971934106162,0.012009398659820729,27613,608269
0.008328995314940135,0.010605467901073586,25961,610526
0.003641468872022112,0.009208910717417997,15314,599463
0.004516388677726602,0.007369690473000134,16096,595460
0.05190267183704777,0.0417785735601313,41541,607399
0.00863459945052549,0.007972814011240361,24664,603250
0.01919327585459902,0.025102969867765012,44688,604145
0.003384682143632024,0.005342715663278603,15355,608480
0.017739615569018874,0.011020603737422138,48102,606699
0.00404263138552003,0.002984937545922116,12424,575958
0.0051601423487544484,0.010059645686815633,12396,594284
0.011759485245174173,0.01096462023349758,21902,592933
0.0007407750358812908,0.0008332561799833349,5268,567426
0.003677789738069609,0.006189728638708231,16577,588547
0.020240014329213685,0.024790424530416463,32031,587675
0.03137728839353655,0.036677550655275754,15333,584658
0.00787715183431429,0.007400186112465104,22400,598415
0.010560880369187078,0.010866190624029805,27204,593251
0.011851981914753522,0.006574045667703905,33132,595336
0.008494208494208495,0.005680269017540671,11805,586740
0.00321152677718948,0.004121296256127717,13224,606040
0.0,0.0,96,553513
0.02918340026773762,0.034760434840960946,15068,588018
0.00830270858853954,0.008616780045351474,24613,580578
0.006298271423317396,0.012853588869437022,17821,572296
0.0117046554607058,0.01550182763024618,33950,597072
0.035538455173555084,0.04810399072694155,37274,626884
0.00647465952221478,0.0074093911801464026,24291,588161
0.021567154284704116,0.020552486187845304,33139,597509
0.024032210711739294,0.023783557046979865,36032,634758
0.0010645848119233499,0.002526707744137595,11950,595508
0.021536848543095538,0.010075456884895539,35451,601891
0.03335878591199771,0.017951778467414657,11981,547212
0.0032185529738547685,0.007193292144748456,21183,596523
0.005069708491761723,0.008281667194641807,24979,580313
0.006255545696539485,0.003985475157204854,22591,595864
0.0013409019800652573,0.0025911365260900643,7062,589511
0.006854289605083976,0.00557747245272752,15870,581803
0.010958904109589041,0.016275984077841664,28278,596377
0.01862032275226104,0.033098497939651736,41443,591752
0.010315560391730141,0.0038247566063977748,15600,607526
0.0320090615429794,0.038932193445645795,32540,621338
0.013761268126986892,0.00793201133144476,24000,601915
0.009162995594713657,0.011191892487332012,27012,599961
0.01588276588276588,0.027747337044667513,37488,600959
0.014159848961611076,0.0087151841868823,24733,582585
0.01047188667767446,0.006956219294813269,26297,602188
0.014850136239782017,0.008847951358954581,20134,584087
0.0052197561189578036,0.001973684210526316,17317,599830
0.022123699574206575,0.021889805228987542,45548,593854
0.0,0.0,0,584257
0.010439460247994164,0.016819362778613428,24389,579204
0.01680635394269165,0.01912951912951913,30288,599928
0.011228475057695721,0.013623857282328925,35159,591160
0.011606624704254274,0.006423123243677238,23584,594512
0.03282765481223576,0.044463782529421514,55109,624221
0.025989476092427362,0.027454395453295446,21742,567197
0.0021917286068229465,0.006146662219469195,9947,553724
0.009606231068801385,0.01444949167207441,17928,607620
0.022100175746924428,0.016407865217965074,33918,599360
0.020776476802535436,0.026230085379808116,24988,597194
0.006534261886338234,0.0073042880467474435,24318,616012
0.0010051169590643274,0.0010510441895535347,7310,579724
0.0064181466502549675,0.014630931458699472,19737,598561
0.003620892550013578,0.01128739800543971,11385,584888
0.03449881476464612,0.044214806030831784,32818,617341
0.010508925703271993,0.011145766443445556,16743,573478
0.04447450748287816,0.044312085498246945,58727,610855
0.00950238707308116,0.011552743776646954,20680,576020
0.011889035667107,0.01417243893547211,31726,579843
0.02267850380780073,0.021399384978305742,51140,622931
0.014678899082568808,0.015213208644682088,22296,588937
0.047008014617333164,0.035740971357409716,49861,624687
0.006137758581495794,0.010955541412855714,27047,579041
0.019724202706741238,0.020794192997438087,35344,611900
0.008070883410825512,0.003909681953962397,16049,599608
0.010302469951129309,0.012415250506295676,21879,598463
0.005480682839173405,0.005479944302205453,18570,585006
0.015008461744009976,0.010026291163495387,24692,590367
0.011094810196222262,0.005169968431166217,22019,575176
0.012554631930756706,0.013245884773662552,33560,615710
0.034372294372294374,0.034075675675675675,29199,601694
0.007444282060650347,0.011982620626572148,31762,575301
0.003323025799603083,0.005304428044280443,10203,572815
0.012666187567373338,0.009646446518305814,12109,588390
0.006582968918982461,0.008091452227501529,16795,563215
0.023809523809523808,0.022396664892673408,45383,586549
0.0,0.0,0,550453
0.005927733949352744,0.009897104987792118,21153,604062
0.01971954425942156,0.020990359333917616,34066,594755
0.008690142120032588,0.012258560636902338,35053,582290
0.005143707981771421,0.003430067247371034,12163,584488
0.00428331714210015,0.0015488781696685401,20519,595774
0.013673032222779272,0.011332089382423884,28069,577896
0.008878568501570823,0.012082801386102498,22974,578566
0.0,0.0,0,564962
0.013311005195585899,0.009668686347814877,34263,610975
0.005505308690523005,0.003102468866069478,19387,604334
0.008087968011632134,0.011418952731904826,24610,577744
0.01214836514022315,0.005515101900124952,19043,610824
0.0,0.0007165719199350308,2820,556125
0.0028653295128939827,0.0004405092286683406,6893,600784
0.002008032128514056,0.0013403542364767832,6689,554944
0.015802997858672375,0.009757350109128258,38533,612275
0.040139241050324466,0.03482779352400584,26323,607650
0.019812349989090115,0.019855123058125326,35046,602596
0.002589834898025251,0.003287037037037037,8164,572376
0.015255321092536769,0.008628167085140378,24491,577253
0.0055273245965944545,0.009828887995353617,18846,588736
0.011739035566222997,0.018246900646062512,19612,604700
0.020556707397767878,0.02245059985885674,40530,591528
0.007325844692092528,0.006710514620922585,10304,595294
0.015862466214719304,0.013708322278234722,25079,594062
0.04355971896955504,0.0259988936640994,27585,607664
0.006086080826656158,0.008369117518184208,27105,602416
0.009386187025233562,0.006412773197225494,18022,602643
0.019269191493140346,0.011873526926668742,28514,587831
0.01251622473576859,0.013523527232308262,25658,568587
0.0,0.002050113895216401,7775,577912
0.0166297618509648,0.016831056013030494,29087,583967
0.03798992286083738,0.036198893054811644,28317,584233
0.019126267596594068,0.012644169158479282,38500,617267
0.012263984471501677,0.017601129295513697,44978,598675
0.0003708854891052388,0.0,3281,571014
0.024701837782776622,0.02698001951385059,36153,617127
0.00867291348877751,0.006188712137720636,24938,604277
0.010185309821869252,0.007585618744108802,17086,588309
0.020386892353873094,0.010637854073672353,33096,631622
0.015392187569913642,0.005017696339769724,17507,590751
0.010171932667206769,0.005175750483820154,21349,585116
0.008048107790387485,0.012656511323057451,24818,581542
0.0021607022282241727,0.002791032682092374,12692,582064
0.02065646706314977,0.022112241191427535,36903,580846
0.03525069992364469,0.037642166015956546,40179,607914
0.032789790854306985,0.027348078542617792,40791,596928
0.00862816331585683,0.02025044426995082,35509,638594
0.015587315765966949,0.007553410208277465,19434,584858
0.01079767849912269,0.005579804706835261,15464,585396
0.015066964285714286,0.021990293347077267,40884,611495
0.008253219662615635,0.008528397749954637,21738,581261
0.0,0.0,0,575374
0.011374035821676036,0.013349620451967543,32619,601747
0.00390677025527192,0.005150976909413854,18133,590774
0.032083696599825635,0.02595646294115081,49497,596571
0.011061535601412901,0.0061774268462610315,13202,566463
0.03236300646415142,0.026171148317267037,61001,617772
0.012346208256526771,0.013611576280647516,34613,618566
0.006872395140551565,0.004479332978534681,15302,596796
0.008856497070898105,0.006693440428380187,16920,569442
0.00800294361144329,0.011789628810905407,16320,573796
0.014277505193829289,0.012104077395414586,25788,592286
0.006131992235750838,0.004720727080208241,15369,601162
0.014976174268209666,0.010662431941923775,16840,578293
0.008044444444444444,0.0031169293792857778,8740,592818
0.016480895172832546,0.02198707662951559,51529,600997
0.020590947007946614,0.017585405429110204,31804,599074
0.01019154647618181,0.007050902970477187,24031,578788
0.018511242086880594,0.030983699689726,20715,594059
0.05129409754847527,0.03892062409412567,54119,607559
0.008475328363507277,0.01642181882739337,22299,592459
0.03370986391532509,0.02289466678498536,28228,585741
0.012726469288555016,0.010871967118928714,20431,597790
0.012979804448998761,0.012508004268943437,13169,618828
0.024615244097364937,0.016148898316682633,23571,577996
0.012408635050144484,0.010840454023721463,40402,620031
0.018650088809946713,0.011869158878504673,36636,558633
0.00433591967138293,0.012338908692075679,19017,576767
0.0007887533058042964,0.0003246000463714352,7400,572065
0.0,0.0,388,595648
0.0034181204776490433,0.0022177866489243737,6809,596620
0.010581772334293948,0.010887659153282044,19530,584244
0.01646054310989833,0.027742304813069708,50944,595195
0.010226882090065314,0.011767232123684775,32366,611674
0.018487539141251664,0.019049253475201647,38575,607719
0.011482925575217448,0.015100815100815101,28629,613431
0.019296100013588804,0.013637187386734324,39438,580974
0.004274995637759554,0.016422799737934046,30679,600412
0.016205869842620162,0.01327659574468085,40494,618030
0.01920535635626817,0.024495550268746145,31815,592066
0.01769720046730994,0.020312905177629872,47879,610030
0.0,0.0,3398,592380
0.007134037590890383,0.006122355736281811,9656,579131
0.0111216601112166,0.017784414879174586,31529,580920
0.0,0.0,1644,601137
0.004732000707588891,0.008444975018791176,20479,599986
0.0006591026787816016,0.001645587474728478,7351,561497
0.0072353884147134005,0.005592889659657489,18144,603203
0.02896457997112036,0.04116922292560649,44609,613877
0.011130664320281567,0.009330985915492957,26166,597571
0.016776773296244784,0.013494749631172438,29201,608660
0.002609412195568577,0.009982142039470671,14617,576446
0.003118550791102958,0.0024295209718083887,7229,575963
0.023038525534365802,0.02093659203554948,46890,615834
0.016577101739684852,0.015827534452176287,30566,575729
0.026221056841918135,0.011004614838480652,28165,590295
0.00756477622757746,0.0057067801983785495,19630,581433
0.027219132834385585,0.0251222672741713,39158,629544
0.010338711770558463,0.016927872543077323,40470,610022
0.022577490539563757,0.01538788522848034,40249,617421
0.019069062169737628,0.01328735632183908,31005,568965
0.013405300181391851,0.007965306664306575,27777,594255
0.02182608695652174,0.02548517344679373,38832,606045
0.008320937151357382,0.009560495660648814,23216,564759
0.007579763793407368,0.009656936237763472,19172,600206
0.010061638868745467,0.004168743486338303,25723,579602
0.008473386077430832,0.011233851338700617,19071,561350
0.011757868383404865,0.01363006658622693,29887,587674
0.013065633029920299,0.014810297512741212,39322,601711
0.003138360775038661,0.0011826245167159428,8636,578471
0.013078106615983347,0.011906378740549594,23461,579992
0.025239712774648492,0.013381524030807624,41596,611594
0.007838745800671893,0.011564839302523645,24837,588930
0.02196992676691078,0.013417009305345163,48695,603161
0.002663897417374029,0.0009478672985781991,7888,583968
0.018046982167352538,0.020841373986877652,30014,611854
0.009032826613791584,0.02124845706224652,29356,598817
0.009302325581395349,0.006865087986096024,25264,603391
0.002009909320370197,0.0,7322,563546
0.008444662883695992,0.008212086048379898,22800,593947
0.0047804532577903685,0.0077869215113706754,23921,594636
0.013615801495946612,0.018272202069058177,19880,583549
0.01753353235504352,0.028316573400092564,51318,623333
0.011979358643568005,0.00970695128122556,25193,569546
0.015247660351517919,0.010368610971543415,17856,574489
0.016565143082518954,0.014507363253856943,29843,600684
0.011394818845635087,0.0069279769377412,15852,571565
0.008821593153390388,0.013611416026344676,13503,603791
0.0062677809388335705,0.02302119905781965,31263,590217
0.01246288131017727,0.005946481665014866,29391,584712
0.025662650602409638,0.02364132616199727,59915,654294
0.012207118583437667,0.008902209895320748,24059,592184
0.013987883107626515,0.023962516733601072,28205,589444
0.02702935353361453,0.016300374177454734,50115,612471
0.005099326002128414,0.006518557935346548,15583,599550
0.007674355982407325,0.011014701254327203,24889,587712
0.0,0.0,0,605960
0.006966322048187425,0.004352653786364646,23819,589740
0.012612044502499887,0.0054411367928770575,24557,584689
0.02367706042178807,0.030044030044030043,44620,609242
0.019406145999913558,0.020723371117071905,40187,603298
